# parameter_id,normalized_value
4097,1.000000
4098,1.000000
4099,1.000000
4100,1.000000
4101,1.000000
4102,0.250000
4145,0.000000
4146,0.000000
4147,0.000000
4148,0.000000
4149,0.000000
4150,0.000000
